yrs,, ever
xvii,, chapter
xv,, chapter
topas,, sir
xvi,, chapter
xiii,, chapter
ix,, chapter
download,, charges
download,, service
download,, membership
ii,, scene
gareth,, sir
calendar,, pudd'nhead
calendar,, wilson's
xii,, chapter
iv,, scene
xi,, chapter
elsinore,, castle
rosencrantz,, guildenstern
iii,, scene
kay,, sir
colombo,, christopher
commercially,, prohibited
commercially,, commercial
commercially,, includes
commercially,, distribution
wilson's,, pudd'nhead
albans,, saint
membership,, download
membership,, charges
membership,, service
emeritus,, pastor
prohibited,, commercial
prohibited,, commercially
prohibited,, distribution
prohibited,, includes
varro's,, servant
charges,, download
charges,, service
charges,, membership
xiv,, chapter
wilson's,, calendar
v,, scene
includes,, distribution
d'hote,, table
includes,, commercial
includes,, commercially
includes,, prohibited
theoretical,, morals
lathers,, simon
guildenstern,, rosencrantz
bigelow,, albert
d'ye,, how
marhaus,, sir
moffett,, mrs
severally,, exeunt
toby,, sir
distribution,, includes
version,, william
version,, electronic
version,, works
version,, complete
distribution,, commercial
distribution,, commercially
distribution,, prohibited
queene,, ye
courcy,, de
oswald,, steward
penzance,, lord
seventieth,, birthday
nash,, miss
conte,, de
gawaine,, sir
inc,, library
inc,, world
1990-1993,, inc
1990-1993,, library
1990-1993,, copyright
1990-1993,, world
1990-1993,, shakespeare
bigelow,, paine
mont,, blanc
inc,, 1990-1993
inc,, copyright
inc,, shakespeare
quarto,, villa
steeles,, miss
calendar,, new
bourlemont,, fee
viii,, chapter
elsinore,, room
readable,, machine
adolf,, father
esau,, saw
milsom,, street
donalbain,, malcolm
zis,, ze
readable,, electronic
metz,, de
farmington,, hartford
